"Amazon Payments Advanced",
"Settlement Report",
"SellerId","A3B8H6O6C7ZLD1"
"SettlementStartDate","2015-04-20T07:48:51 -0700"
"SettlementEndDate","2015-05-22T10:54:44 -0700"
"TransactionPostedDate","SettlementId","AmazonTransactionId","SellerReferenceId","TransactionType","AmazonOrderReferenceId","SellerOrderId","StoreName","CurrencyCode","TransactionDescription","TransactionAmount","TransactionPercentageFee","TransactionFixedFee","TotalTransactionFee","NetTransactionAmount",
"2015-04-20T09:25:12 -0700","5899965841","P01-3542506-2457765-C047113","100032400-1429543216-auth","Capture","P01-3542506-2457765","100032400","SoftwareMedia","USD","","91.88","-2.39","-0.30","-2.69","89.19"
"2015-04-20T12:30:21 -0700","5899965841","P01-4902889-8613004-C038801","100032420-1429554737-auth","Capture","P01-4902889-8613004","100032420","SoftwareMedia","USD","","906.00","-23.56","-0.30","-23.86","882.14"
"2015-04-20T15:00:54 -0700","5899965841","P01-4727482-4651164-C029672","100032433-1429560907-auth","Capture","P01-4727482-4651164","100032433","SoftwareMedia","USD","","13.00","-0.34","-0.30","-0.64","12.36"
"2015-04-20T16:14:55 -0700","5899965841","","","Transfer","","","","USD","SellerPayments_DateRangeReport_transfer_accounting_ending_with_trace_id","-153.16","0","0","0","-153.16"
"2015-04-20T16:28:52 -0700","5899965841","P01-8771493-4964523-C066544","100032444-1429568623-auth","Capture","P01-8771493-4964523","100032444","SoftwareMedia","USD","","115.00","-2.99","-0.30","-3.29","111.71"
"2015-04-20T17:48:36 -0700","5899965841","P01-4691584-0459498-C049839","100032450-1429572099-auth","Capture","P01-4691584-0459498","100032450","SoftwareMedia","USD","","454.95","-11.83","-0.30","-12.13","442.82"
"2015-04-20T17:55:57 -0700","5899965841","P01-8482256-3760818-C000386","100032447-1429569807-auth","Capture","P01-8482256-3760818","100032447","SoftwareMedia","USD","","340.98","-8.87","-0.30","-9.17","331.81"
"2015-04-20T21:01:15 -0700","5899965841","P01-9203046-8277296-C033672","100032458-1429583343-auth","Capture","P01-9203046-8277296","100032458","SoftwareMedia","USD","","91.88","-2.39","-0.30","-2.69","89.19"
"2015-04-20T21:29:09 -0700","5899965841","P01-3226316-1332155-C071253","100032460-1429586675-auth","Capture","P01-3226316-1332155","100032460","SoftwareMedia","USD","","94.99","-2.47","-0.30","-2.77","92.22"
"2015-04-21T03:00:23 -0700","5899965841","","","Carryover","","","","USD","Account balance from previous disbursement cycle","17,444.59","0","0","0","17,444.59"
"2015-04-21T10:00:28 -0700","5899965841","P01-7412425-8146613-R009637","100032374--refund","Refund","P01-7412425-8146613","100032374","SoftwareMedia","USD","","-70.99","1.85","0.30","2.15","-68.84"
"2015-04-21T10:29:55 -0700","5899965841","P01-9031868-2786504-R022703","100031634--refund","Refund","P01-9031868-2786504","100031634","SoftwareMedia","USD","","-161.99","4.21","0.29","4.50","-157.49"
"2015-04-21T11:26:54 -0700","5899965841","P01-3855245-0214058-C043806","100032487-1429636416-auth","Capture","P01-3855245-0214058","100032487","SoftwareMedia","USD","","225.99","-5.88","-0.30","-6.18","219.81"
"2015-04-21T11:33:06 -0700","5899965841","P01-0690665-2765732-R090655","100031870--refund","Refund","P01-0690665-2765732","100031870","SoftwareMedia","USD","","-265.00","6.89","0.29","7.18","-257.82"
"2015-04-21T12:56:40 -0700","5899965841","P01-4924792-2008589-C094086","100032494-1429642166-auth","Capture","P01-4924792-2008589","100032494","SoftwareMedia","USD","","479.99","-12.48","-0.30","-12.78","467.21"
"2015-04-21T13:37:06 -0700","5899965841","P01-5125881-9382938-C092664","100032493-1429641688-auth","Capture","P01-5125881-9382938","100032493","SoftwareMedia","USD","","90.99","-2.37","-0.30","-2.67","88.32"
"2015-04-21T14:54:34 -0700","5899965841","P01-2778356-5661739-C084033","100032510-1429649240-auth","Capture","P01-2778356-5661739","100032510","SoftwareMedia","USD","","268.97","-6.99","-0.30","-7.29","261.68"
"2015-04-21T16:44:06 -0700","5899965841","P01-2564191-6773726-C082162","100032517-1429655106-auth","Capture","P01-2564191-6773726","100032517","SoftwareMedia","USD","","139.99","-3.64","-0.30","-3.94","136.05"
"2015-04-21T18:59:26 -0700","5899965841","P01-7487145-3284552-C063818","100032523-1429664408-auth","Capture","P01-7487145-3284552","100032523","SoftwareMedia","USD","","248.98","-6.47","-0.30","-6.77","242.21"
"2015-04-21T22:29:09 -0700","5899965841","P01-7670454-9333116-C003028","100032524-1429675106-auth","Capture","P01-7670454-9333116","100032524","SoftwareMedia","USD","","90.99","-2.37","-0.30","-2.67","88.32"
"2015-04-21T23:12:08 -0700","5899965841","P01-1773677-0907439-C059210","100032526-1429679793-auth","Capture","P01-1773677-0907439","100032526","SoftwareMedia","USD","","690.00","-17.94","-0.30","-18.24","671.76"
"2015-04-22T03:00:19 -0700","5899965841","","","Carryover","","","","USD","Account balance from previous disbursement cycle","153.16","0","0","0","153.16"
"2015-04-22T07:55:26 -0700","5899965841","P01-7810278-3890610-C074198","100032535-1429710985-auth","Capture","P01-7810278-3890610","100032535","SoftwareMedia","USD","","188.24","-4.89","-0.30","-5.19","183.05"
"2015-04-22T11:25:22 -0700","5899965841","P01-0980333-6776877-C093362","100032549-1429723182-auth","Capture","P01-0980333-6776877","100032549","SoftwareMedia","USD","","318.00","-8.27","-0.30","-8.57","309.43"
"2015-04-22T11:41:14 -0700","5899965841","P01-5705248-4147027-R050154","100030656--refund","Refund","P01-5705248-4147027","100030656","SoftwareMedia","USD","","-169.99","4.42","0.30","4.72","-165.27"
"2015-04-22T12:17:44 -0700","5899965841","P01-0980333-6776877-R012238","100032549--refund","Refund","P01-0980333-6776877","100032549","SoftwareMedia","USD","","-318.00","8.27","0.30","8.57","-309.43"
"2015-04-22T12:29:21 -0700","5899965841","P01-0611010-0083956-C097309","100032559-1429727652-auth","Capture","P01-0611010-0083956","100032559","SoftwareMedia","USD","","299.99","-7.80","-0.30","-8.10","291.89"
"2015-04-22T13:58:40 -0700","5899965841","P01-2451657-5852396-C091811","100032574-1429733080-auth","Capture","P01-2451657-5852396","100032574","SoftwareMedia","USD","","99.99","-2.60","-0.30","-2.90","97.09"
"2015-04-22T14:31:40 -0700","5899965841","P01-0850754-5313756-C034239","100032575-1429733586-auth","Capture","P01-0850754-5313756","100032575","SoftwareMedia","USD","","64.99","-1.69","-0.30","-1.99","63.00"
"2015-04-22T14:40:48 -0700","5899965841","P01-3017291-4505226-C003911","100032577-1429734739-auth","Capture","P01-3017291-4505226","100032577","SoftwareMedia","USD","","91.99","-2.39","-0.30","-2.69","89.30"
"2015-04-22T15:50:44 -0700","5899965841","P01-0507091-3399507-C002630","100032584-1429737996-auth","Capture","P01-0507091-3399507","100032584","SoftwareMedia","USD","","497.96","-12.95","-0.30","-13.25","484.71"
"2015-04-22T21:39:00 -0700","5899965841","P01-0028682-7016503-C089629","100032603-1429756636-auth","Capture","P01-0028682-7016503","100032603","SoftwareMedia","USD","","189.99","-4.94","-0.30","-5.24","184.75"
"2015-04-23T07:40:11 -0700","5899965841","P01-3496311-3237261-C005352","100032614-1429796119-auth","Capture","P01-3496311-3237261","100032614","SoftwareMedia","USD","","193.98","-5.04","-0.30","-5.34","188.64"
"2015-04-23T09:52:12 -0700","5899965841","P01-3408877-6595140-C087224","100032624-1429804168-auth","Capture","P01-3408877-6595140","100032624","SoftwareMedia","USD","","799.72","-20.79","-0.30","-21.09","778.63"
"2015-04-23T10:56:59 -0700","5899965841","P01-5001792-2450120-C055120","100032634-1429807519-auth","Capture","P01-5001792-2450120","100032634","SoftwareMedia","USD","","3,189.00","-82.91","-0.30","-83.21","3,105.79"
"2015-04-23T12:30:04 -0700","5899965841","P01-2085762-9110114-C008167","100032651-1429814385-auth","Capture","P01-2085762-9110114","100032651","SoftwareMedia","USD","","147.25","-3.83","-0.30","-4.13","143.12"
"2015-04-23T12:53:47 -0700","5899965841","P01-6368045-9529228-C055552","100032656-1429815278-auth","Capture","P01-6368045-9529228","100032656","SoftwareMedia","USD","","432.99","-11.26","-0.30","-11.56","421.43"
"2015-04-23T12:56:04 -0700","5899965841","P01-8661684-1071486-C041839","100032657-1429815509-auth","Capture","P01-8661684-1071486","100032657","SoftwareMedia","USD","","150.00","-3.90","-0.30","-4.20","145.80"
"2015-04-23T13:50:41 -0700","5899965841","P01-1492781-0130247-C034495","100032658-1429817124-auth","Capture","P01-1492781-0130247","100032658","SoftwareMedia","USD","","96.99","-2.52","-0.30","-2.82","94.17"
"2015-04-23T14:08:07 -0700","5899965841","P01-6250671-6575227-C002211","100032660-1429819216-auth","Capture","P01-6250671-6575227","100032660","SoftwareMedia","USD","","149.99","-3.90","-0.30","-4.20","145.79"
"2015-04-23T14:16:16 -0700","5899965841","P01-6368045-9529228-R002050","100032656--refund","Refund","P01-6368045-9529228","100032656","SoftwareMedia","USD","","-432.99","11.26","0.30","11.56","-421.43"
"2015-04-23T16:32:23 -0700","5899965841","P01-8661684-1071486-R095816","100032657--refund","Refund","P01-8661684-1071486","100032657","SoftwareMedia","USD","","-150.00","3.90","0.30","4.20","-145.80"
"2015-04-24T06:44:40 -0700","5899965841","P01-6133365-1631046-C073039","100032691-1429879819-auth","Capture","P01-6133365-1631046","100032691","SoftwareMedia","USD","","209.99","-5.46","-0.30","-5.76","204.23"
"2015-04-24T08:32:14 -0700","5899965841","P01-3408877-6595140-R042853","100032624--refund","Refund","P01-3408877-6595140","100032624","SoftwareMedia","USD","","-799.72","20.79","0.30","21.09","-778.63"
"2015-04-24T08:35:44 -0700","5899965841","P01-2101902-6636132-C011265","100032694-1429885206-auth","Capture","P01-2101902-6636132","100032694","SoftwareMedia","USD","","438.00","-11.39","-0.30","-11.69","426.31"
"2015-04-24T10:11:43 -0700","5899965841","P01-3394698-8072173-C025723","100032706-1429892157-auth","Capture","P01-3394698-8072173","100032706","SoftwareMedia","USD","","342.79","-8.91","-0.30","-9.21","333.58"
"2015-04-24T10:53:01 -0700","5899965841","P01-0142985-4240168-C037458","100032713-1429893793-auth","Capture","P01-0142985-4240168","100032713","SoftwareMedia","USD","","333.00","-8.66","-0.30","-8.96","324.04"
"2015-04-24T15:03:10 -0700","5899965841","P01-1546253-6297951-C007431","100032730-1429907553-auth","Capture","P01-1546253-6297951","100032730","SoftwareMedia","USD","","209.99","-5.46","-0.30","-5.76","204.23"
"2015-04-24T15:32:00 -0700","5899965841","P01-1345299-0126193-C078822","100032735-1429911531-auth","Capture","P01-1345299-0126193","100032735","SoftwareMedia","USD","","47.96","-1.25","-0.30","-1.55","46.41"
"2015-04-24T16:56:49 -0700","5899965841","P01-4412659-0303808-C094514","100032739-1429913388-auth","Capture","P01-4412659-0303808","100032739","SoftwareMedia","USD","","610.00","-15.86","-0.30","-16.16","593.84"
"2015-04-24T17:33:19 -0700","5899965841","P01-0396664-2037966-C083286","100032741-1429915321-auth","Capture","P01-0396664-2037966","100032741","SoftwareMedia","USD","","1,199.96","-31.20","-0.30","-31.50","1,168.46"
"2015-04-25T10:08:13 -0700","5899965841","P01-3515218-3861504-C088315","100032748-1429977403-auth","Capture","P01-3515218-3861504","100032748","SoftwareMedia","USD","","154.94","-4.03","-0.30","-4.33","150.61"
"2015-04-26T13:54:09 -0700","5899965841","P01-4431678-5641818-C025085","100032754-1430077774-auth","Capture","P01-4431678-5641818","100032754","SoftwareMedia","USD","","64.99","-1.69","-0.30","-1.99","63.00"
"2015-04-26T21:39:40 -0700","5899965841","P01-9725887-5668483-C075467","100032759-1430105869-auth","Capture","P01-9725887-5668483","100032759","SoftwareMedia","USD","","138.99","-3.61","-0.30","-3.91","135.08"
"2015-04-26T22:33:08 -0700","5899965841","P01-3340510-8034412-C066909","100032760-1430107609-auth","Capture","P01-3340510-8034412","100032760","SoftwareMedia","USD","","529.95","-13.78","-0.30","-14.08","515.87"
"2015-04-26T23:15:29 -0700","5899965841","P01-0453591-6756587-C061546","100032761-1430111151-auth","Capture","P01-0453591-6756587","100032761","SoftwareMedia","USD","","69.97","-1.82","-0.30","-2.12","67.85"
"2015-04-27T08:45:20 -0700","5899965841","P01-0795583-7133752-C073942","100032768-1430145850-auth","Capture","P01-0795583-7133752","100032768","SoftwareMedia","USD","","94.99","-2.47","-0.30","-2.77","92.22"
"2015-04-27T10:00:13 -0700","5899965841","P01-2451657-5852396-R051443","100032574--refund","Refund","P01-2451657-5852396","100032574","SoftwareMedia","USD","","-99.99","2.60","0.30","2.90","-97.09"
"2015-04-27T11:02:03 -0700","5899965841","P01-4985434-1274059-C056111","100032774-1430153416-auth","Capture","P01-4985434-1274059","100032774","SoftwareMedia","USD","","86.99","-2.26","-0.30","-2.56","84.43"
"2015-04-27T11:42:23 -0700","5899965841","P01-4939218-9441298-C091610","100032773-1430153255-auth","Capture","P01-4939218-9441298","100032773","SoftwareMedia","USD","","90.99","-2.37","-0.30","-2.67","88.32"
"2015-04-27T14:06:33 -0700","5899965841","P01-8176455-4933703-C051645","100032783-1430159859-auth","Capture","P01-8176455-4933703","100032783","SoftwareMedia","USD","","510.00","-13.26","-0.30","-13.56","496.44"
"2015-04-27T16:57:00 -0700","5899965841","P01-9783139-8913131-C036453","100032805-1430169616-auth","Capture","P01-9783139-8913131","100032805","SoftwareMedia","USD","","225.99","-5.88","-0.30","-6.18","219.81"
"2015-04-27T17:58:31 -0700","5899965841","P01-9865707-7406991-C011694","100032803-1430168267-auth","Capture","P01-9865707-7406991","100032803","SoftwareMedia","USD","","759.96","-19.76","-0.30","-20.06","739.90"
"2015-04-27T19:00:37 -0700","5899965841","P01-2273482-1293663-C063632","100032807-1430173484-auth","Capture","P01-2273482-1293663","100032807","SoftwareMedia","USD","","359.99","-9.36","-0.30","-9.66","350.33"
"2015-04-28T11:00:08 -0700","5899965841","P01-4298987-9372186-C086886","100032832-1430238424-auth","Capture","P01-4298987-9372186","100032832","SoftwareMedia","USD","","525.00","-13.65","-0.30","-13.95","511.05"
"2015-04-28T11:11:00 -0700","5899965841","P01-3045105-6081144-C039114","100032838-1430239716-auth","Capture","P01-3045105-6081144","100032838","SoftwareMedia","USD","","69.97","-1.82","-0.30","-2.12","67.85"
"2015-04-28T11:35:34 -0700","5899965841","P01-6867177-5259941-C096258","100032843-1430242099-auth","Capture","P01-6867177-5259941","100032843","SoftwareMedia","USD","","8.00","-0.40","-0.05","-0.45","7.55"
"2015-04-28T12:14:00 -0700","5899965841","P01-5937025-9528188-C008648","100032845-1430243437-auth","Capture","P01-5937025-9528188","100032845","SoftwareMedia","USD","","94.99","-2.47","-0.30","-2.77","92.22"
"2015-04-28T12:57:37 -0700","5899965841","P01-0454707-7457831-C069736","100032849-1430245475-auth","Capture","P01-0454707-7457831","100032849","SoftwareMedia","USD","","26.99","-0.70","-0.30","-1.00","25.99"
"2015-04-28T13:33:25 -0700","5899965841","P01-4305490-1735515-C043923","100032854-1430247884-auth","Capture","P01-4305490-1735515","100032854","SoftwareMedia","USD","","1,403.96","-36.50","-0.30","-36.80","1,367.16"
"2015-04-28T14:10:56 -0700","5899965841","P01-5564247-4731670-C029977","100032858-1430249951-auth","Capture","P01-5564247-4731670","100032858","SoftwareMedia","USD","","290.97","-7.57","-0.30","-7.87","283.10"
"2015-04-28T14:38:26 -0700","5899965841","P01-9288215-5673614-C078296","100032862-1430251833-auth","Capture","P01-9288215-5673614","100032862","SoftwareMedia","USD","","534.00","-13.88","-0.30","-14.18","519.82"
"2015-04-28T15:37:21 -0700","5899965841","P01-5793329-8231860-C077415","100032864-1430253491-auth","Capture","P01-5793329-8231860","100032864","SoftwareMedia","USD","","85.79","-2.23","-0.30","-2.53","83.26"
"2015-04-28T15:42:45 -0700","5899965841","P01-8911013-1033593-C097568","100032865-1430253979-auth","Capture","P01-8911013-1033593","100032865","SoftwareMedia","USD","","671.99","-17.47","-0.30","-17.77","654.22"
"2015-04-28T20:47:03 -0700","5899965841","P01-8605002-9017527-C004992","100032856-1430249410-auth","Capture","P01-8605002-9017527","100032856","SoftwareMedia","USD","","522.88","-13.59","-0.30","-13.89","508.99"
"2015-04-28T21:07:45 -0700","5899965841","P01-3013395-8881585-C040371","100032891-1430276722-auth","Capture","P01-3013395-8881585","100032891","SoftwareMedia","USD","","102.99","-2.68","-0.30","-2.98","100.01"
"2015-04-28T21:50:29 -0700","5899965841","P01-6986787-7907888-C012389","100032892-1430276724-auth","Capture","P01-6986787-7907888","100032892","SoftwareMedia","USD","","675.96","-17.58","-0.30","-17.88","658.08"
"2015-04-29T04:47:52 -0700","5899965841","P01-5640906-9525927-C016675","100032877-1430259697-auth","Capture","P01-5640906-9525927","100032877","SoftwareMedia","USD","","169.99","-4.42","-0.30","-4.72","165.27"
"2015-04-29T07:14:08 -0700","5899965841","P01-1895310-8401185-C099694","100032896-1430312996-auth","Capture","P01-1895310-8401185","100032896","SoftwareMedia","USD","","299.98","-7.80","-0.30","-8.10","291.88"
"2015-04-29T09:33:57 -0700","5899965841","P01-5599684-7415230-C063528","100032899-1430320807-auth","Capture","P01-5599684-7415230","100032899","SoftwareMedia","USD","","86.88","-2.26","-0.30","-2.56","84.32"
"2015-04-29T11:13:03 -0700","5899965841","P01-2919344-8862191-C000724","100032913-1430327767-auth","Capture","P01-2919344-8862191","100032913","SoftwareMedia","USD","","171.05","-4.45","-0.30","-4.75","166.30"
"2015-04-29T12:15:48 -0700","5899965841","P01-4226696-7120296-C076840","100032918-1430331492-auth","Capture","P01-4226696-7120296","100032918","SoftwareMedia","USD","","671.00","-17.45","-0.30","-17.75","653.25"
"2015-04-29T12:42:14 -0700","5899965841","P01-1396840-9687460-C065104","100032922-1430332119-auth","Capture","P01-1396840-9687460","100032922","SoftwareMedia","USD","","525.00","-13.65","-0.30","-13.95","511.05"
"2015-04-29T13:21:22 -0700","5899965841","P01-0408991-1960195-C022472","100032923-1430334058-auth","Capture","P01-0408991-1960195","100032923","SoftwareMedia","USD","","596.50","-15.51","-0.30","-15.81","580.69"
"2015-04-29T14:58:36 -0700","5899965841","P01-6354587-9038838-C034129","100032938-1430340984-auth","Capture","P01-6354587-9038838","100032938","SoftwareMedia","USD","","126.99","-3.30","-0.30","-3.60","123.39"
"2015-04-29T17:11:05 -0700","5899965841","P01-7214962-3368122-C048176","100032947-1430348967-auth","Capture","P01-7214962-3368122","100032947","SoftwareMedia","USD","","393.99","-10.24","-0.30","-10.54","383.45"
"2015-04-29T17:51:50 -0700","5899965841","P01-7095076-5177611-R045223","100027309--refund","Refund","P01-7095076-5177611","100027309","SoftwareMedia","USD","","-193.98","5.04","0.30","5.34","-188.64"
"2015-04-30T05:08:31 -0700","5899965841","P01-5767770-1426049-C092586","100032956-1430392431-auth","Capture","P01-5767770-1426049","100032956","SoftwareMedia","USD","","525.00","-13.65","-0.30","-13.95","511.05"
"2015-04-30T08:56:04 -0700","5899965841","P01-0453591-6756587-R063866","100032761--refund","Refund","P01-0453591-6756587","100032761","SoftwareMedia","USD","","-69.97","1.82","0.30","2.12","-67.85"
"2015-04-30T12:26:49 -0700","5899965841","P01-6686610-5568635-C060859","100032978-1430418875-auth","Capture","P01-6686610-5568635","100032978","SoftwareMedia","USD","","285.97","-7.44","-0.30","-7.74","278.23"
"2015-04-30T14:11:10 -0700","5899965841","P01-9228806-0224115-C087098","100032991-1430424635-auth","Capture","P01-9228806-0224115","100032991","SoftwareMedia","USD","","529.95","-13.78","-0.30","-14.08","515.87"
"2015-04-30T14:32:21 -0700","5899965841","P01-5078388-6276136-C090498","100032992-1430424883-auth","Capture","P01-5078388-6276136","100032992","SoftwareMedia","USD","","989.82","-25.74","-0.30","-26.04","963.78"
"2015-04-30T14:33:55 -0700","5899965841","P01-5767311-7814160-C023084","100032988-1430422418-auth","Capture","P01-5767311-7814160","100032988","SoftwareMedia","USD","","599.95","-15.60","-0.30","-15.90","584.05"
"2015-04-30T15:22:14 -0700","5899965841","P01-0573075-2258770-C019521","100033006-1430428488-auth","Capture","P01-0573075-2258770","100033006","SoftwareMedia","USD","","3,198.99","-83.17","-0.30","-83.47","3,115.52"
"2015-04-30T15:28:49 -0700","5899965841","P01-4435113-7551205-C017693","100033008-1430428650-auth","Capture","P01-4435113-7551205","100033008","SoftwareMedia","USD","","178.98","-4.65","-0.30","-4.95","174.03"
"2015-04-30T15:39:36 -0700","5899965841","P01-5006777-9088291-C049133","100033010-1430429313-auth","Capture","P01-5006777-9088291","100033010","SoftwareMedia","USD","","937.99","-24.39","-0.30","-24.69","913.30"
"2015-04-30T16:04:56 -0700","5899965841","P01-4335717-7619962-C043898","100032917-1430330980-auth","Capture","P01-4335717-7619962","100032917","SoftwareMedia","USD","","485.98","-12.64","-0.30","-12.94","473.04"
"2015-04-30T16:23:58 -0700","5899965841","P01-3331289-3203189-C067118","100033015-1430431705-auth","Capture","P01-3331289-3203189","100033015","SoftwareMedia","USD","","809.93","-21.06","-0.30","-21.36","788.57"
"2015-04-30T16:38:22 -0700","5899965841","P01-1313837-4160788-C067350","100033016-1430432905-auth","Capture","P01-1313837-4160788","100033016","SoftwareMedia","USD","","64.99","-1.69","-0.30","-1.99","63.00"
"2015-05-01T08:14:35 -0700","5899965841","P01-5743638-9576489-C017107","100033025-1430490252-auth","Capture","P01-5743638-9576489","100033025","SoftwareMedia","USD","","149.99","-3.90","-0.30","-4.20","145.79"
"2015-05-01T09:19:12 -0700","5899965841","P01-3395083-3012426-C021048","100033027-1430492500-auth","Capture","P01-3395083-3012426","100033027","SoftwareMedia","USD","","509.94","-13.26","-0.30","-13.56","496.38"
"2015-05-01T09:39:06 -0700","5899965841","P01-1099277-8810242-C020707","100033032-1430494416-auth","Capture","P01-1099277-8810242","100033032","SoftwareMedia","USD","","127.99","-3.33","-0.30","-3.63","124.36"
"2015-05-01T09:40:40 -0700","5899965841","P01-5103003-6700471-C026088","100033033-1430494798-auth","Capture","P01-5103003-6700471","100033033","SoftwareMedia","USD","","357.96","-9.31","-0.30","-9.61","348.35"
"2015-05-01T10:42:35 -0700","5899965841","P01-9994998-8824041-C089203","100033041-1430499003-auth","Capture","P01-9994998-8824041","100033041","SoftwareMedia","USD","","91.99","-2.39","-0.30","-2.69","89.30"
"2015-05-01T10:50:57 -0700","5899965841","P01-5718287-8779441-R023734","REFUND_358569","Refund","P01-5718287-8779441","100032084","SoftwareMedia","USD","Order# 100032084","-24.45","0.64","0","0.64","-23.81"
"2015-05-01T11:25:40 -0700","5899965841","P01-2738921-1249459-C084697","100033042-1430499099-auth","Capture","P01-2738921-1249459","100033042","SoftwareMedia","USD","","178.98","-4.65","-0.30","-4.95","174.03"
"2015-05-01T12:14:59 -0700","5899965841","P01-3284653-2893525-C046313","100033049-1430503213-auth","Capture","P01-3284653-2893525","100033049","SoftwareMedia","USD","","1,389.90","-36.14","-0.30","-36.44","1,353.46"
"2015-05-01T14:17:30 -0700","5899965841","P01-4733957-7228762-C093356","100033054-1430511218-auth","Capture","P01-4733957-7228762","100033054","SoftwareMedia","USD","","58.16","-1.51","-0.30","-1.81","56.35"
"2015-05-01T15:26:21 -0700","5899965841","P01-9261991-3084458-C025347","100033063-1430516325-auth","Capture","P01-9261991-3084458","100033063","SoftwareMedia","USD","","226.99","-5.90","-0.30","-6.20","220.79"
"2015-05-01T15:52:41 -0700","5899965841","P01-8540217-1221329-C095128","100033062-1430515998-auth","Capture","P01-8540217-1221329","100033062","SoftwareMedia","USD","","64.99","-1.69","-0.30","-1.99","63.00"
"2015-05-01T18:38:58 -0700","5899965841","P01-0825278-8155496-C000457","100033053-1430526675-auth","Capture","P01-0825278-8155496","100033053","SoftwareMedia","USD","","64.99","-1.69","-0.30","-1.99","63.00"
"2015-05-02T08:39:13 -0700","5899965841","P01-1609345-5445510-C076903","100033078-1430577445-auth","Capture","P01-1609345-5445510","100033078","SoftwareMedia","USD","","299.99","-7.80","-0.30","-8.10","291.89"
"2015-05-02T08:45:15 -0700","5899965841","P01-0815066-6631909-C014196","100033079-1430578032-auth","Capture","P01-0815066-6631909","100033079","SoftwareMedia","USD","","1,764.88","-45.89","-0.30","-46.19","1,718.69"
"2015-05-02T11:56:18 -0700","5899965841","P01-9516516-2181240-C091818","100033084-1430589482-auth","Capture","P01-9516516-2181240","100033084","SoftwareMedia","USD","","44.99","-1.17","-0.30","-1.47","43.52"
"2015-05-02T21:35:39 -0700","5899965841","P01-2816763-8875814-C074738","100033088-1430624664-auth","Capture","P01-2816763-8875814","100033088","SoftwareMedia","USD","","209.99","-5.46","-0.30","-5.76","204.23"
"2015-05-03T15:40:00 -0700","5899965841","P01-6222567-0553886-C095692","100033091-1430688212-auth","Capture","P01-6222567-0553886","100033091","SoftwareMedia","USD","","128.99","-3.35","-0.30","-3.65","125.34"
"2015-05-03T21:18:04 -0700","5899965841","P01-3584947-5179886-C061805","100033094-1430709249-auth","Capture","P01-3584947-5179886","100033094","SoftwareMedia","USD","","13.00","-0.34","-0.30","-0.64","12.36"
"2015-05-03T23:11:05 -0700","5899965841","P01-1279602-4865784-C002036","100033096-1430716773-auth","Capture","P01-1279602-4865784","100033096","SoftwareMedia","USD","","138.99","-3.61","-0.30","-3.91","135.08"
"2015-05-04T09:17:46 -0700","5899965841","P01-3331289-3203189-R036624","100033015--refund","Refund","P01-3331289-3203189","100033015","SoftwareMedia","USD","","-809.93","21.06","0.30","21.36","-788.57"
"2015-05-04T10:27:06 -0700","5899965841","P01-0755932-7537435-C055523","100033121-1430757144-auth","Capture","P01-0755932-7537435","100033121","SoftwareMedia","USD","","339.99","-8.84","-0.30","-9.14","330.85"
"2015-05-04T11:08:35 -0700","5899965841","P01-4415881-0307210-C042140","100033124-1430759277-auth","Capture","P01-4415881-0307210","100033124","SoftwareMedia","USD","","1,667.45","-43.35","-0.30","-43.65","1,623.80"
"2015-05-04T11:37:41 -0700","5899965841","P01-7985006-5247564-C094687","100033126-1430760404-auth","Capture","P01-7985006-5247564","100033126","SoftwareMedia","USD","","178.98","-4.65","-0.30","-4.95","174.03"
"2015-05-04T11:54:16 -0700","5899965841","P01-6976335-7755420-C043720","100033133-1430761773-auth","Capture","P01-6976335-7755420","100033133","SoftwareMedia","USD","","299.99","-7.80","-0.30","-8.10","291.89"
"2015-05-04T15:03:55 -0700","5899965841","P01-0075157-7807144-C075779","100033151-1430771832-auth","Capture","P01-0075157-7807144","100033151","SoftwareMedia","USD","","209.99","-5.46","-0.30","-5.76","204.23"
"2015-05-04T17:05:29 -0700","5899965841","P01-5449891-1996595-C002911","100033157-1430777825-auth","Capture","P01-5449891-1996595","100033157","SoftwareMedia","USD","","100.99","-2.63","-0.30","-2.93","98.06"
"2015-05-04T20:30:45 -0700","5899965841","P01-9751995-4176955-C084094","100033170-1430791728-auth","Capture","P01-9751995-4176955","100033170","SoftwareMedia","USD","","100.99","-2.63","-0.30","-2.93","98.06"
"2015-05-04T21:00:25 -0700","5899965841","P01-3571996-8907699-C088773","100033171-1430792316-auth","Capture","P01-3571996-8907699","100033171","SoftwareMedia","USD","","218.99","-5.69","-0.30","-5.99","213.00"
"2015-05-04T21:12:57 -0700","5899965841","P01-1869877-1852687-C045611","100033177-1430794905-auth","Capture","P01-1869877-1852687","100033177","SoftwareMedia","USD","","218.99","-5.69","-0.30","-5.99","213.00"
"2015-05-04T21:17:09 -0700","5899965841","P01-7959762-5824518-C049244","100033176-1430794675-auth","Capture","P01-7959762-5824518","100033176","SoftwareMedia","USD","","91.88","-2.39","-0.30","-2.69","89.19"
"2015-05-04T21:21:21 -0700","5899965841","P01-6960189-6141448-C097410","100033178-1430795388-auth","Capture","P01-6960189-6141448","100033178","SoftwareMedia","USD","","100.99","-2.63","-0.30","-2.93","98.06"
"2015-05-05T02:22:48 -0700","5899965841","P01-4288539-6502296-C089565","100033185-1430814003-auth","Capture","P01-4288539-6502296","100033185","SoftwareMedia","USD","","218.99","-5.69","-0.30","-5.99","213.00"
"2015-05-05T04:00:27 -0700","5899965841","P01-2491660-0268737-C020219","100033189-1430820926-auth","Capture","P01-2491660-0268737","100033189","SoftwareMedia","USD","","218.99","-5.69","-0.30","-5.99","213.00"
"2015-05-05T04:00:51 -0700","5899965841","P01-3733378-0341212-C085359","100033188-1430820200-auth","Capture","P01-3733378-0341212","100033188","SoftwareMedia","USD","","218.99","-5.69","-0.30","-5.99","213.00"
"2015-05-05T04:29:34 -0700","5899965841","P01-8102087-4711077-C033173","100033190-1430821382-auth","Capture","P01-8102087-4711077","100033190","SoftwareMedia","USD","","218.99","-5.69","-0.30","-5.99","213.00"
"2015-05-05T04:39:21 -0700","5899965841","P01-6507318-0104672-C091005","100033191-1430822697-auth","Capture","P01-6507318-0104672","100033191","SoftwareMedia","USD","","218.99","-5.69","-0.30","-5.99","213.00"
"2015-05-05T04:40:13 -0700","5899965841","P01-9403007-4775066-C099393","100033194-1430823197-auth","Capture","P01-9403007-4775066","100033194","SoftwareMedia","USD","","218.99","-5.69","-0.30","-5.99","213.00"
"2015-05-05T04:44:01 -0700","5899965841","P01-4009335-0543114-C056052","100033195-1430823604-auth","Capture","P01-4009335-0543114","100033195","SoftwareMedia","USD","","218.99","-5.69","-0.30","-5.99","213.00"
"2015-05-05T04:56:30 -0700","5899965841","P01-7274315-8174146-C003143","100033192-1430822760-auth","Capture","P01-7274315-8174146","100033192","SoftwareMedia","USD","","218.99","-5.69","-0.30","-5.99","213.00"
"2015-05-05T05:15:50 -0700","5899965841","P01-4551290-4322905-C052862","100033196-1430824150-auth","Capture","P01-4551290-4322905","100033196","SoftwareMedia","USD","","100.99","-2.63","-0.30","-2.93","98.06"
"2015-05-05T06:19:03 -0700","5899965841","P01-7509299-2445038-C001729","100033200-1430828976-auth","Capture","P01-7509299-2445038","100033200","SoftwareMedia","USD","","218.99","-5.69","-0.30","-5.99","213.00"
"2015-05-05T06:41:38 -0700","5899965841","P01-5284686-7158190-C049063","100033201-1430829236-auth","Capture","P01-5284686-7158190","100033201","SoftwareMedia","USD","","218.99","-5.69","-0.30","-5.99","213.00"
"2015-05-05T06:43:22 -0700","5899965841","P01-0000220-5905763-C000325","100033206-1430830652-auth","Capture","P01-0000220-5905763","100033206","SoftwareMedia","USD","","218.99","-5.69","-0.30","-5.99","213.00"
"2015-05-05T06:57:27 -0700","5899965841","P01-6117133-0335679-C060132","100033205-1430830480-auth","Capture","P01-6117133-0335679","100033205","SoftwareMedia","USD","","218.99","-5.69","-0.30","-5.99","213.00"
"2015-05-05T06:58:39 -0700","5899965841","P01-5137521-4986512-C019713","100033207-1430830741-auth","Capture","P01-5137521-4986512","100033207","SoftwareMedia","USD","","218.99","-5.69","-0.30","-5.99","213.00"
"2015-05-05T07:10:26 -0700","5899965841","P01-0601409-8763495-C099458","100033209-1430831280-auth","Capture","P01-0601409-8763495","100033209","SoftwareMedia","USD","","218.99","-5.69","-0.30","-5.99","213.00"
"2015-05-05T07:10:26 -0700","5899965841","P01-4521899-4158447-C056634","100033208-1430831072-auth","Capture","P01-4521899-4158447","100033208","SoftwareMedia","USD","","218.99","-5.69","-0.30","-5.99","213.00"
"2015-05-05T07:10:26 -0700","5899965841","P01-9600292-7397196-C029187","100033210-1430831291-auth","Capture","P01-9600292-7397196","100033210","SoftwareMedia","USD","","218.99","-5.69","-0.30","-5.99","213.00"
"2015-05-05T07:10:39 -0700","5899965841","P01-6038034-1436672-C011319","100033211-1430831656-auth","Capture","P01-6038034-1436672","100033211","SoftwareMedia","USD","","218.99","-5.69","-0.30","-5.99","213.00"
"2015-05-05T07:11:27 -0700","5899965841","P01-8102758-7124240-C031631","100033213-1430831920-auth","Capture","P01-8102758-7124240","100033213","SoftwareMedia","USD","","218.99","-5.69","-0.30","-5.99","213.00"
"2015-05-05T07:11:44 -0700","5899965841","P01-5370614-8742773-C096695","100033202-1430829500-auth","Capture","P01-5370614-8742773","100033202","SoftwareMedia","USD","","218.99","-5.69","-0.30","-5.99","213.00"
"2015-05-05T07:14:00 -0700","5899965841","P01-8166402-2707309-C089594","100033214-1430832078-auth","Capture","P01-8166402-2707309","100033214","SoftwareMedia","USD","","218.99","-5.69","-0.30","-5.99","213.00"
"2015-05-05T07:28:07 -0700","5899965841","P01-7381432-0896607-C063222","100033212-1430831911-auth","Capture","P01-7381432-0896607","100033212","SoftwareMedia","USD","","218.99","-5.69","-0.30","-5.99","213.00"
"2015-05-05T07:30:30 -0700","5899965841","P01-2338913-7986957-C097166","100033218-1430832870-auth","Capture","P01-2338913-7986957","100033218","SoftwareMedia","USD","","218.99","-5.69","-0.30","-5.99","213.00"
"2015-05-05T07:39:37 -0700","5899965841","P01-6997589-7525659-C075386","100033216-1430832281-auth","Capture","P01-6997589-7525659","100033216","SoftwareMedia","USD","","218.99","-5.69","-0.30","-5.99","213.00"
"2015-05-05T07:41:58 -0700","5899965841","P01-3467422-3739075-C064994","100033217-1430832298-auth","Capture","P01-3467422-3739075","100033217","SoftwareMedia","USD","","218.99","-5.69","-0.30","-5.99","213.00"
"2015-05-05T08:22:58 -0700","5899965841","P01-4367347-9739235-C073460","100033220-1430833225-auth","Capture","P01-4367347-9739235","100033220","SoftwareMedia","USD","","100.99","-2.63","-0.30","-2.93","98.06"
"2015-05-05T08:53:56 -0700","5899965841","P01-4044598-0996999-C040003","100033223-1430837049-auth","Capture","P01-4044598-0996999","100033223","SoftwareMedia","USD","","218.99","-5.69","-0.30","-5.99","213.00"
"2015-05-05T08:54:22 -0700","5899965841","P01-3773532-0760856-C068049","100033222-1430836683-auth","Capture","P01-3773532-0760856","100033222","SoftwareMedia","USD","","218.99","-5.69","-0.30","-5.99","213.00"
"2015-05-05T09:01:01 -0700","5899965841","P01-4733957-7228762-R077472","100033054--refund","Refund","P01-4733957-7228762","100033054","SoftwareMedia","USD","","-58.16","1.51","0.30","1.81","-56.35"
"2015-05-05T09:07:10 -0700","5899965841","P01-0286722-7932329-C043080","100033226-1430837918-auth","Capture","P01-0286722-7932329","100033226","SoftwareMedia","USD","","319.98","-8.32","-0.30","-8.62","311.36"
"2015-05-05T09:11:39 -0700","5899965841","P01-3757591-2216665-C087664","100033227-1430838416-auth","Capture","P01-3757591-2216665","100033227","SoftwareMedia","USD","","500.43","-13.01","-0.30","-13.31","487.12"
"2015-05-05T09:15:42 -0700","5899965841","P01-3054883-9002781-C088930","100033228-1430839110-auth","Capture","P01-3054883-9002781","100033228","SoftwareMedia","USD","","100.99","-2.63","-0.30","-2.93","98.06"
"2015-05-05T09:16:31 -0700","5899965841","P01-4147880-5184319-C045851","100033224-1430838428-auth","Capture","P01-4147880-5184319","100033224","SoftwareMedia","USD","","100.99","-2.63","-0.30","-2.93","98.06"
"2015-05-05T09:26:15 -0700","5899965841","P01-0946777-9381161-C073709","100033225-1430837904-auth","Capture","P01-0946777-9381161","100033225","SoftwareMedia","USD","","109.75","-2.85","-0.30","-3.15","106.60"
"2015-05-05T10:13:49 -0700","5899965841","P01-5770640-5354356-C086043","100033240--capture","Capture","P01-5770640-5354356","100033240","SoftwareMedia","USD","","524.00","-13.62","-0.30","-13.92","510.08"
"2015-05-05T10:24:51 -0700","5899965841","P01-8210455-4427971-C096421","100033235--capture","Capture","P01-8210455-4427971","100033235","SoftwareMedia","USD","","866.14","-22.52","-0.30","-22.82","843.32"
"2015-05-05T10:29:04 -0700","5899965841","P01-5654459-9130514-C088086","100033236--capture","Capture","P01-5654459-9130514","100033236","SoftwareMedia","USD","","2,094.00","-54.44","-0.30","-54.74","2,039.26"
"2015-05-05T12:38:08 -0700","5899965841","P01-1113263-4635413-C022025","100033257--capture","Capture","P01-1113263-4635413","100033257","SoftwareMedia","USD","","3,647.92","-94.85","-0.30","-95.15","3,552.77"
"2015-05-05T13:04:43 -0700","5899965841","P01-7509299-2445038-R028388","100033200--refund","Refund","P01-7509299-2445038","100033200","SoftwareMedia","USD","","-218.99","5.69","0.30","5.99","-213.00"
"2015-05-05T13:07:56 -0700","5899965841","P01-5284686-7158190-R016860","100033201--refund","Refund","P01-5284686-7158190","100033201","SoftwareMedia","USD","","-218.99","5.69","0.30","5.99","-213.00"
"2015-05-05T13:24:07 -0700","5899965841","P01-5370614-8742773-R054890","100033202--refund","Refund","P01-5370614-8742773","100033202","SoftwareMedia","USD","","-218.99","5.69","0.30","5.99","-213.00"
"2015-05-05T15:24:50 -0700","5899965841","P01-2491660-0268737-R070132","100033189--refund","Refund","P01-2491660-0268737","100033189","SoftwareMedia","USD","","-218.99","5.69","0.30","5.99","-213.00"
"2015-05-05T15:26:06 -0700","5899965841","P01-9200857-3927350-C059616","100033270--capture","Capture","P01-9200857-3927350","100033270","SoftwareMedia","USD","","39.99","-1.04","-0.30","-1.34","38.65"
"2015-05-05T15:27:23 -0700","5899965841","P01-4044598-0996999-R018278","100033223--refund","Refund","P01-4044598-0996999","100033223","SoftwareMedia","USD","","-218.99","5.69","0.30","5.99","-213.00"
"2015-05-05T15:27:26 -0700","5899965841","P01-3733378-0341212-R058187","100033188--refund","Refund","P01-3733378-0341212","100033188","SoftwareMedia","USD","","-218.99","5.69","0.30","5.99","-213.00"
"2015-05-05T15:28:05 -0700","5899965841","P01-2338913-7986957-R038622","100033218--refund","Refund","P01-2338913-7986957","100033218","SoftwareMedia","USD","","-218.99","5.69","0.30","5.99","-213.00"
"2015-05-05T15:29:47 -0700","5899965841","P01-4288539-6502296-R013181","100033185--refund","Refund","P01-4288539-6502296","100033185","SoftwareMedia","USD","","-218.99","5.69","0.30","5.99","-213.00"
"2015-05-05T15:32:27 -0700","5899965841","P01-8102087-4711077-R010819","100033190--refund","Refund","P01-8102087-4711077","100033190","SoftwareMedia","USD","","-218.99","5.69","0.30","5.99","-213.00"
"2015-05-05T15:45:05 -0700","5899965841","P01-7274315-8174146-R069784","100033192--refund","Refund","P01-7274315-8174146","100033192","SoftwareMedia","USD","","-218.99","5.69","0.30","5.99","-213.00"
"2015-05-05T15:47:14 -0700","5899965841","P01-3773532-0760856-R049849","100033222--refund","Refund","P01-3773532-0760856","100033222","SoftwareMedia","USD","","-218.99","5.69","0.30","5.99","-213.00"
"2015-05-05T15:53:38 -0700","5899965841","P01-9403007-4775066-R056355","100033194--refund","Refund","P01-9403007-4775066","100033194","SoftwareMedia","USD","","-218.99","5.69","0.30","5.99","-213.00"
"2015-05-05T15:57:07 -0700","5899965841","P01-4521899-4158447-R071867","100033208--refund","Refund","P01-4521899-4158447","100033208","SoftwareMedia","USD","","-218.99","5.69","0.30","5.99","-213.00"
"2015-05-05T16:01:03 -0700","5899965841","P01-6507318-0104672-R063829","100033191--refund","Refund","P01-6507318-0104672","100033191","SoftwareMedia","USD","","-218.99","5.69","0.30","5.99","-213.00"
"2015-05-05T16:10:55 -0700","5899965841","P01-6117133-0335679-R052643","100033205--refund","Refund","P01-6117133-0335679","100033205","SoftwareMedia","USD","","-218.99","5.69","0.30","5.99","-213.00"
"2015-05-05T16:11:36 -0700","5899965841","P01-5137521-4986512-R075046","100033207--refund","Refund","P01-5137521-4986512","100033207","SoftwareMedia","USD","","-218.99","5.69","0.30","5.99","-213.00"
"2015-05-05T16:16:37 -0700","5899965841","P01-7381432-0896607-R085303","100033212--refund","Refund","P01-7381432-0896607","100033212","SoftwareMedia","USD","","-218.99","5.69","0.30","5.99","-213.00"
"2015-05-05T16:20:53 -0700","5899965841","P01-4009335-0543114-R090224","100033195--refund","Refund","P01-4009335-0543114","100033195","SoftwareMedia","USD","","-218.99","5.69","0.30","5.99","-213.00"
"2015-05-05T16:21:00 -0700","5899965841","P01-0000220-5905763-R022416","100033206--refund","Refund","P01-0000220-5905763","100033206","SoftwareMedia","USD","","-218.99","5.69","0.30","5.99","-213.00"
"2015-05-05T16:28:55 -0700","5899965841","P01-0601409-8763495-R041189","100033209--refund","Refund","P01-0601409-8763495","100033209","SoftwareMedia","USD","","-218.99","5.69","0.30","5.99","-213.00"
"2015-05-05T16:36:12 -0700","5899965841","P01-9600292-7397196-R045038","100033210--refund","Refund","P01-9600292-7397196","100033210","SoftwareMedia","USD","","-218.99","5.69","0.30","5.99","-213.00"
"2015-05-05T16:36:23 -0700","5899965841","P01-6038034-1436672-R088415","100033211--refund","Refund","P01-6038034-1436672","100033211","SoftwareMedia","USD","","-218.99","5.69","0.30","5.99","-213.00"
"2015-05-05T16:37:09 -0700","5899965841","P01-8166402-2707309-R031297","100033214--refund","Refund","P01-8166402-2707309","100033214","SoftwareMedia","USD","","-218.99","5.69","0.30","5.99","-213.00"
"2015-05-05T16:39:15 -0700","5899965841","P01-6997589-7525659-R075138","100033216--refund","Refund","P01-6997589-7525659","100033216","SoftwareMedia","USD","","-218.99","5.69","0.30","5.99","-213.00"
"2015-05-05T16:46:32 -0700","5899965841","P01-3467422-3739075-R091101","100033217--refund","Refund","P01-3467422-3739075","100033217","SoftwareMedia","USD","","-218.99","5.69","0.30","5.99","-213.00"
"2015-05-05T17:12:39 -0700","5899965841","P01-8102758-7124240-R024465","100033213--refund","Refund","P01-8102758-7124240","100033213","SoftwareMedia","USD","","-218.99","5.69","0.30","5.99","-213.00"
"2015-05-06T08:57:51 -0700","5899965841","P01-1165325-7834196-C052835","100033296--capture","Capture","P01-1165325-7834196","100033296","SoftwareMedia","USD","","358.95","-9.33","-0.30","-9.63","349.32"
"2015-05-06T09:27:52 -0700","5899965841","P01-7823816-9702939-C038412","100033295--capture","Capture","P01-7823816-9702939","100033295","SoftwareMedia","USD","","1,655.00","-43.03","-0.30","-43.33","1,611.67"
"2015-05-06T09:55:29 -0700","5899965841","P01-3407462-9221451-C096764","100033305--capture","Capture","P01-3407462-9221451","100033305","SoftwareMedia","USD","","13.00","-0.34","-0.30","-0.64","12.36"
"2015-05-06T11:28:26 -0700","5899965841","P01-8741659-5168530-C050116","100033307--capture","Capture","P01-8741659-5168530","100033307","SoftwareMedia","USD","","239.99","-6.24","-0.30","-6.54","233.45"
"2015-05-06T12:02:59 -0700","5899965841","P01-9868534-2755785-C090640","100033306--capture","Capture","P01-9868534-2755785","100033306","SoftwareMedia","USD","","239.99","-6.24","-0.30","-6.54","233.45"
"2015-05-06T13:42:45 -0700","5899965841","P01-1805499-0391646-C077187","100033322--capture","Capture","P01-1805499-0391646","100033322","SoftwareMedia","USD","","3,904.00","-101.50","-0.30","-101.80","3,802.20"
"2015-05-06T14:12:24 -0700","5899965841","P01-1869877-1852687-R050234","100033177--refund","Refund","P01-1869877-1852687","100033177","SoftwareMedia","USD","","-218.99","5.69","0.30","5.99","-213.00"
"2015-05-06T14:53:45 -0700","5899965841","P01-6207352-9832333-C062427","100033328--capture","Capture","P01-6207352-9832333","100033328","SoftwareMedia","USD","","84.98","-2.21","-0.30","-2.51","82.47"
"2015-05-06T16:37:20 -0700","5899965841","P01-8853077-4134250-C016426","100033336--capture","Capture","P01-8853077-4134250","100033336","SoftwareMedia","USD","","581.94","-15.13","-0.30","-15.43","566.51"
"2015-05-07T09:10:16 -0700","5899965841","P01-9261837-3698276-C047138","100033357--capture","Capture","P01-9261837-3698276","100033357","SoftwareMedia","USD","","519.95","-13.52","-0.30","-13.82","506.13"
"2015-05-07T09:43:03 -0700","5899965841","P01-0465603-6658022-C042255","100033349--capture","Capture","P01-0465603-6658022","100033349","SoftwareMedia","USD","","239.99","-6.24","-0.30","-6.54","233.45"
"2015-05-07T09:58:41 -0700","5899965841","P01-4907432-5611818-C064933","100033364--capture","Capture","P01-4907432-5611818","100033364","SoftwareMedia","USD","","319.99","-8.32","-0.30","-8.62","311.37"
"2015-05-07T10:58:03 -0700","5899965841","P01-7839365-6538891-C059889","100033369--capture","Capture","P01-7839365-6538891","100033369","SoftwareMedia","USD","","1,087.98","-28.29","-0.30","-28.59","1,059.39"
"2015-05-07T11:37:10 -0700","5899965841","P01-9356105-8726089-C049282","100033373--capture","Capture","P01-9356105-8726089","100033373","SoftwareMedia","USD","","85.79","-2.23","-0.30","-2.53","83.26"
"2015-05-07T11:39:31 -0700","5899965841","P01-8958008-9411061-C003651","100033374--capture","Capture","P01-8958008-9411061","100033374","SoftwareMedia","USD","","485.24","-12.62","-0.30","-12.92","472.32"
"2015-05-07T15:39:12 -0700","5899965841","P01-0865248-8379959-C061002","100033400--capture","Capture","P01-0865248-8379959","100033400","SoftwareMedia","USD","","65.00","-1.69","-0.30","-1.99","63.01"
"2015-05-08T07:26:04 -0700","5899965841","P01-5792820-9309007-C047596","100033412--capture","Capture","P01-5792820-9309007","100033412","SoftwareMedia","USD","","199.99","-5.20","-0.30","-5.50","194.49"
"2015-05-08T07:42:46 -0700","5899965841","P01-5486855-2104248-C079953","100033420--capture","Capture","P01-5486855-2104248","100033420","SoftwareMedia","USD","","178.98","-4.65","-0.30","-4.95","174.03"
"2015-05-08T12:56:12 -0700","5899965841","P01-0196737-5675977-C021302","100033442--capture","Capture","P01-0196737-5675977","100033442","SoftwareMedia","USD","","188.99","-4.91","-0.30","-5.21","183.78"
"2015-05-08T13:26:00 -0700","5899965841","P01-0196737-5675977-R027311","100033442--refund","Refund","P01-0196737-5675977","100033442","SoftwareMedia","USD","","-9.00","0.23","0.01","0.24","-8.76"
"2015-05-08T14:31:27 -0700","5899965841","P01-8683094-7601445-C017884","100033450--capture","Capture","P01-8683094-7601445","100033450","SoftwareMedia","USD","","178.98","-4.65","-0.30","-4.95","174.03"
"2015-05-08T15:09:42 -0700","5899965841","P01-8683094-7601445-R052491","100033450--refund","Refund","P01-8683094-7601445","100033450","SoftwareMedia","USD","","-5.00","0.13","0.01","0.14","-4.86"
"2015-05-11T08:29:09 -0700","5899965841","P01-9142119-3690688-C008821","100033509--capture","Capture","P01-9142119-3690688","100033509","SoftwareMedia","USD","","177.69","-4.62","-0.30","-4.92","172.77"
"2015-05-11T08:38:43 -0700","5899965841","P01-2499992-1262543-C097437","100033531--capture","Capture","P01-2499992-1262543","100033531","SoftwareMedia","USD","","118.75","-3.09","-0.30","-3.39","115.36"
"2015-05-11T08:40:16 -0700","5899965841","P01-0856564-5820820-C074827","100033465--capture","Capture","P01-0856564-5820820","100033465","SoftwareMedia","USD","","234.99","-6.11","-0.30","-6.41","228.58"
"2015-05-11T08:50:41 -0700","5899965841","P01-2770548-0072706-C076000","100033501--capture","Capture","P01-2770548-0072706","100033501","SoftwareMedia","USD","","13.00","-0.34","-0.30","-0.64","12.36"
"2015-05-11T09:11:36 -0700","5899965841","P01-3317507-7507120-C000021","100033537--capture","Capture","P01-3317507-7507120","100033537","SoftwareMedia","USD","","91.88","-2.39","-0.30","-2.69","89.19"
"2015-05-11T09:26:26 -0700","5899965841","P01-5052132-1880426-C072375","100033508--capture","Capture","P01-5052132-1880426","100033508","SoftwareMedia","USD","","91.88","-2.39","-0.30","-2.69","89.19"
"2015-05-11T10:25:38 -0700","5899965841","P01-2356679-6054697-C013338","100033549--capture","Capture","P01-2356679-6054697","100033549","SoftwareMedia","USD","","99.99","-2.60","-0.30","-2.90","97.09"
"2015-05-11T10:54:16 -0700","5899965841","P01-6204584-3508031-C019239","100033556--capture","Capture","P01-6204584-3508031","100033556","SoftwareMedia","USD","","239.98","-6.24","-0.30","-6.54","233.44"
"2015-05-11T11:37:53 -0700","5899965841","P01-5549249-2186750-C097467","100033559--capture","Capture","P01-5549249-2186750","100033559","SoftwareMedia","USD","","1,019.97","-26.52","-0.30","-26.82","993.15"
"2015-05-11T11:46:17 -0700","5899965841","P01-4803147-3488303-C031327","100033564--capture","Capture","P01-4803147-3488303","100033564","SoftwareMedia","USD","","91.88","-2.39","-0.30","-2.69","89.19"
"2015-05-11T12:42:29 -0700","5899965841","P01-1177889-7459078-C083312","100033568--capture","Capture","P01-1177889-7459078","100033568","SoftwareMedia","USD","","91.88","-2.39","-0.30","-2.69","89.19"
"2015-05-11T12:58:35 -0700","5899965841","P01-7961654-0547754-C054915","100033573--capture","Capture","P01-7961654-0547754","100033573","SoftwareMedia","USD","","142.99","-3.72","-0.30","-4.02","138.97"
"2015-05-11T13:15:14 -0700","5899965841","P01-3247028-2020530-C051171","100033580--capture","Capture","P01-3247028-2020530","100033580","SoftwareMedia","USD","","132.00","-3.43","-0.30","-3.73","128.27"
"2015-05-11T13:50:09 -0700","5899965841","P01-2828875-6897754-C002923","100033585--capture","Capture","P01-2828875-6897754","100033585","SoftwareMedia","USD","","2,147.76","-55.84","-0.30","-56.14","2,091.62"
"2015-05-11T15:19:53 -0700","5899965841","P01-6825616-5180320-C020957","100033593--capture","Capture","P01-6825616-5180320","100033593","SoftwareMedia","USD","","39.99","-1.04","-0.30","-1.34","38.65"
"2015-05-11T16:27:55 -0700","5899965841","P01-6686610-5568635-R060322","100032978--refund","Refund","P01-6686610-5568635","100032978","SoftwareMedia","USD","","-285.97","7.44","0.30","7.74","-278.23"
"2015-05-11T16:56:47 -0700","5899965841","P01-7914327-9235540-C005530","100033610--capture","Capture","P01-7914327-9235540","100033610","SoftwareMedia","USD","","91.88","-2.39","-0.30","-2.69","89.19"
"2015-05-12T11:58:09 -0700","5899965841","P01-5674855-9638969-C085287","100033646--capture","Capture","P01-5674855-9638969","100033646","SoftwareMedia","USD","","137.68","-3.58","-0.30","-3.88","133.80"
"2015-05-12T12:17:46 -0700","5899965841","P01-7914327-9235540-R025516","100033610--refund","Refund","P01-7914327-9235540","100033610","SoftwareMedia","USD","","-91.88","2.39","0.30","2.69","-89.19"
"2015-05-12T12:20:29 -0700","5899965841","P01-8111814-6654437-C091028","100033660--capture","Capture","P01-8111814-6654437","100033660","SoftwareMedia","USD","","178.98","-4.65","-0.30","-4.95","174.03"
"2015-05-12T13:39:22 -0700","5899965841","P01-0285451-5126427-C007497","100033661--capture","Capture","P01-0285451-5126427","100033661","SoftwareMedia","USD","","100.88","-2.62","-0.30","-2.92","97.96"
"2015-05-12T14:17:44 -0700","5899965841","P01-0285451-5126427-R089286","100033661--refund","Refund","P01-0285451-5126427","100033661","SoftwareMedia","USD","","-9.00","0.23","0.03","0.26","-8.74"
"2015-05-12T15:13:30 -0700","5899965841","P01-6531741-9533042-C080445","100033672--capture","Capture","P01-6531741-9533042","100033672","SoftwareMedia","USD","","536.94","-13.96","-0.30","-14.26","522.68"
"2015-05-12T15:24:54 -0700","5899965841","P01-5288383-7852001-C041409","100033671--capture","Capture","P01-5288383-7852001","100033671","SoftwareMedia","USD","","179.99","-4.68","-0.30","-4.98","175.01"
"2015-05-12T15:25:23 -0700","5899965841","P01-9679969-0402669-C032253","100033674--capture","Capture","P01-9679969-0402669","100033674","SoftwareMedia","USD","","44.99","-1.17","-0.30","-1.47","43.52"
"2015-05-13T15:12:27 -0700","5899965841","P01-9210120-8907400-C019692","100033730--capture","Capture","P01-9210120-8907400","100033730","SoftwareMedia","USD","","178.98","-4.65","-0.30","-4.95","174.03"
"2015-05-13T15:14:51 -0700","5899965841","P01-9452686-7932905-C095446","100033670--capture","Capture","P01-9452686-7932905","100033670","SoftwareMedia","USD","","178.98","-4.65","-0.30","-4.95","174.03"
"2015-05-13T15:40:40 -0700","5899965841","P01-5190207-3139887-C027405","100033734--capture","Capture","P01-5190207-3139887","100033734","SoftwareMedia","USD","","358.95","-9.33","-0.30","-9.63","349.32"
"2015-05-13T16:21:34 -0700","5899965841","P01-6190449-5028486-C096923","100033703--capture","Capture","P01-6190449-5028486","100033703","SoftwareMedia","USD","","118.75","-3.09","-0.30","-3.39","115.36"
"2015-05-13T16:40:55 -0700","5899965841","P01-5999378-9030163-C002800","100033693--capture","Capture","P01-5999378-9030163","100033693","SoftwareMedia","USD","","64.99","-1.69","-0.30","-1.99","63.00"
"2015-05-13T16:56:29 -0700","5899965841","P01-6600156-3050281-C021569","100033695--capture","Capture","P01-6600156-3050281","100033695","SoftwareMedia","USD","","530.97","-13.81","-0.30","-14.11","516.86"
"2015-05-13T17:12:20 -0700","5899965841","P01-3307174-8398578-C075778","100033746--capture","Capture","P01-3307174-8398578","100033746","SoftwareMedia","USD","","536.94","-13.96","-0.30","-14.26","522.68"
"2015-05-13T17:25:34 -0700","5899965841","P01-8173706-5634467-C056453","100033762--capture","Capture","P01-8173706-5634467","100033762","SoftwareMedia","USD","","2,799.00","-72.77","-0.30","-73.07","2,725.93"
"2015-05-13T17:30:58 -0700","5899965841","P01-9194017-9638408-C043329","100033763--capture","Capture","P01-9194017-9638408","100033763","SoftwareMedia","USD","","178.98","-4.65","-0.30","-4.95","174.03"
"2015-05-14T07:26:46 -0700","5899965841","P01-5080093-3991779-C071482","100033777--capture","Capture","P01-5080093-3991779","100033777","SoftwareMedia","USD","","299.99","-7.80","-0.30","-8.10","291.89"
"2015-05-14T08:42:01 -0700","5899965841","P01-7295153-1808898-C066913","100033796--capture","Capture","P01-7295153-1808898","100033796","SoftwareMedia","USD","","2,847.98","-74.05","-0.30","-74.35","2,773.63"
"2015-05-14T09:41:02 -0700","5899965841","P01-7814149-5606874-C020384","100033803--capture","Capture","P01-7814149-5606874","100033803","SoftwareMedia","USD","","138.99","-3.61","-0.30","-3.91","135.08"
"2015-05-14T11:37:14 -0700","5899965841","P01-8486516-8256077-C043960","100033807--capture","Capture","P01-8486516-8256077","100033807","SoftwareMedia","USD","","525.95","-13.67","-0.30","-13.97","511.98"
"2015-05-14T13:58:30 -0700","5899965841","P01-4261913-4425773-C049205","100033822--capture","Capture","P01-4261913-4425773","100033822","SoftwareMedia","USD","","2,847.98","-74.05","-0.30","-74.35","2,773.63"
"2015-05-14T15:10:01 -0700","5899965841","P01-5401749-5813672-C066954","100033827--capture","Capture","P01-5401749-5813672","100033827","SoftwareMedia","USD","","2,554.93","-66.43","-0.30","-66.73","2,488.20"
"2015-05-14T15:14:46 -0700","5899965841","P01-7223818-8727803-C081477","100033828--capture","Capture","P01-7223818-8727803","100033828","SoftwareMedia","USD","","162.05","-4.21","-0.30","-4.51","157.54"
"2015-05-14T15:54:31 -0700","5899965841","P01-5401749-5813672-R083286","100033827--refund","Refund","P01-5401749-5813672","100033827","SoftwareMedia","USD","","-2,554.93","66.43","0.30","66.73","-2,488.20"
"2015-05-15T07:12:40 -0700","5899965841","P01-5753801-2466936-C050006","100033846--capture","Capture","P01-5753801-2466936","100033846","SoftwareMedia","USD","","178.98","-4.65","-0.30","-4.95","174.03"
"2015-05-15T08:04:55 -0700","5899965841","P01-5353113-5831312-C027964","100033845--capture","Capture","P01-5353113-5831312","100033845","SoftwareMedia","USD","","13.00","-0.34","-0.30","-0.64","12.36"
"2015-05-15T13:27:59 -0700","5899965841","P01-2499992-1262543-R035393","100033531--refund","Refund","P01-2499992-1262543","100033531","SoftwareMedia","USD","","-118.75","3.09","0.30","3.39","-115.36"
"2015-05-18T08:13:38 -0700","5899965841","P01-6978688-1907132-C006618","100033902--capture","Capture","P01-6978688-1907132","100033902","SoftwareMedia","USD","","1,811.55","-47.10","-0.30","-47.40","1,764.15"
"2015-05-18T08:25:40 -0700","5899965841","P01-7037194-5594828-C098394","100033895--capture","Capture","P01-7037194-5594828","100033895","SoftwareMedia","USD","","299.00","-7.77","-0.30","-8.07","290.93"
"2015-05-18T08:27:43 -0700","5899965841","P01-2583733-3688933-C020680","100033907--capture","Capture","P01-2583733-3688933","100033907","SoftwareMedia","USD","","119.99","-3.12","-0.30","-3.42","116.57"
"2015-05-18T08:38:21 -0700","5899965841","P01-0774150-1940126-C083331","100033920--capture","Capture","P01-0774150-1940126","100033920","SoftwareMedia","USD","","152.50","-3.97","-0.30","-4.27","148.23"
"2015-05-18T09:25:18 -0700","5899965841","P01-5848654-6787282-C000005","100033914--capture","Capture","P01-5848654-6787282","100033914","SoftwareMedia","USD","","919.95","-23.92","-0.30","-24.22","895.73"
"2015-05-18T11:52:08 -0700","5899965841","P01-0593391-0074589-C082446","100033949--capture","Capture","P01-0593391-0074589","100033949","SoftwareMedia","USD","","808.99","-21.03","-0.30","-21.33","787.66"
"2015-05-18T12:33:16 -0700","5899965841","P01-6674491-1872572-C022385","100033952--capture","Capture","P01-6674491-1872572","100033952","SoftwareMedia","USD","","215.87","-5.61","-0.30","-5.91","209.96"
"2015-05-18T12:34:56 -0700","5899965841","P01-4837086-0164187-C035979","100033956--capture","Capture","P01-4837086-0164187","100033956","SoftwareMedia","USD","","50.00","-1.30","-0.30","-1.60","48.40"
"2015-05-18T12:36:47 -0700","5899965841","P01-4214053-1942656-C061561","100033955--capture","Capture","P01-4214053-1942656","100033955","SoftwareMedia","USD","","549.99","-14.30","-0.30","-14.60","535.39"
"2015-05-18T14:12:13 -0700","5899965841","P01-4214053-1942656-R052166","100033955--refund","Refund","P01-4214053-1942656","100033955","SoftwareMedia","USD","","-549.99","14.30","0.30","14.60","-535.39"
"2015-05-18T15:08:23 -0700","5899965841","P01-5141493-8031101-C004494","100033963--capture","Capture","P01-5141493-8031101","100033963","SoftwareMedia","USD","","13.00","-0.34","-0.30","-0.64","12.36"
"2015-05-18T15:53:36 -0700","5899965841","P01-3773750-1979327-C083271","100033927--capture","Capture","P01-3773750-1979327","100033927","SoftwareMedia","USD","","44.99","-1.17","-0.30","-1.47","43.52"
"2015-05-18T16:53:19 -0700","5899965841","P01-1817061-3534510-C006486","100033973--capture","Capture","P01-1817061-3534510","100033973","SoftwareMedia","USD","","275.00","-7.15","-0.30","-7.45","267.55"
"2015-05-19T07:45:12 -0700","5899965841","P01-4152895-1029367-C068253","100033986--capture","Capture","P01-4152895-1029367","100033986","SoftwareMedia","USD","","775.00","-20.15","-0.30","-20.45","754.55"
"2015-05-19T07:58:39 -0700","5899965841","P01-7641089-6937899-C083061","100033975--capture","Capture","P01-7641089-6937899","100033975","SoftwareMedia","USD","","975.94","-25.37","-0.30","-25.67","950.27"
"2015-05-19T08:11:09 -0700","5899965841","P01-1663295-6530835-C066355","100033989--capture","Capture","P01-1663295-6530835","100033989","SoftwareMedia","USD","","79.99","-2.08","-0.30","-2.38","77.61"
"2015-05-19T08:54:02 -0700","5899965841","P01-3952809-7394892-C012571","100033991--capture","Capture","P01-3952809-7394892","100033991","SoftwareMedia","USD","","96.80","-2.52","-0.30","-2.82","93.98"
"2015-05-19T09:15:21 -0700","5899965841","P01-3952809-7394892-R029395","100033991--refund","Refund","P01-3952809-7394892","100033991","SoftwareMedia","USD","","-6.00","0.16","0.02","0.18","-5.82"
"2015-05-19T09:57:51 -0700","5899965841","P01-9348932-2917316-C061365","100034003--capture","Capture","P01-9348932-2917316","100034003","SoftwareMedia","USD","","162.05","-4.21","-0.30","-4.51","157.54"
"2015-05-19T10:12:08 -0700","5899965841","P01-5813124-8779303-C099144","100034004--capture","Capture","P01-5813124-8779303","100034004","SoftwareMedia","USD","","2,355.74","-61.25","-0.30","-61.55","2,294.19"
"2015-05-19T10:57:16 -0700","5899965841","P01-7330114-0786188-C038842","100033999--capture","Capture","P01-7330114-0786188","100033999","SoftwareMedia","USD","","496.88","-12.92","-0.30","-13.22","483.66"
"2015-05-19T12:34:20 -0700","5899965841","P01-8641778-8527987-C059293","100034021--capture","Capture","P01-8641778-8527987","100034021","SoftwareMedia","USD","","371.50","-9.66","-0.30","-9.96","361.54"
"2015-05-19T13:08:32 -0700","5899965841","P01-9820479-3780089-C081202","100034028--capture","Capture","P01-9820479-3780089","100034028","SoftwareMedia","USD","","13.00","-0.34","-0.30","-0.64","12.36"
"2015-05-19T13:22:09 -0700","5899965841","P01-7819508-1905751-C089143","100033997--capture","Capture","P01-7819508-1905751","100033997","SoftwareMedia","USD","","994.99","-25.87","-0.30","-26.17","968.82"
"2015-05-19T14:31:20 -0700","5899965841","P01-5929552-5982483-C055909","100034037--capture","Capture","P01-5929552-5982483","100034037","SoftwareMedia","USD","","178.98","-4.65","-0.30","-4.95","174.03"
"2015-05-19T16:14:59 -0700","5899965841","P01-3762730-7876286-C049745","100034050--capture","Capture","P01-3762730-7876286","100034050","SoftwareMedia","USD","","13.00","-0.34","-0.30","-0.64","12.36"
"2015-05-20T07:39:21 -0700","5899965841","P01-4095843-4176323-C053486","100034069--capture","Capture","P01-4095843-4176323","100034069","SoftwareMedia","USD","","1,654.95","-43.03","-0.30","-43.33","1,611.62"
"2015-05-20T07:42:36 -0700","5899965841","P01-9043963-0656118-C017338","100034063--capture","Capture","P01-9043963-0656118","100034063","SoftwareMedia","USD","","721.87","-18.77","-0.30","-19.07","702.80"
"2015-05-20T07:44:28 -0700","5899965841","P01-1396917-6988222-C099775","100034060--capture","Capture","P01-1396917-6988222","100034060","SoftwareMedia","USD","","1,030.00","-26.78","-0.30","-27.08","1,002.92"
"2015-05-20T09:28:03 -0700","5899965841","P01-4262729-5994482-C030502","100034030--capture","Capture","P01-4262729-5994482","100034030","SoftwareMedia","USD","","339.99","-8.84","-0.30","-9.14","330.85"
"2015-05-20T10:44:03 -0700","5899965841","P01-5569515-6850867-C009220","100034086--capture","Capture","P01-5569515-6850867","100034086","SoftwareMedia","USD","","999.99","-26.00","-0.30","-26.30","973.69"
"2015-05-20T11:26:49 -0700","5899965841","P01-2548717-2488190-C002887","100034091--capture","Capture","P01-2548717-2488190","100034091","SoftwareMedia","USD","","94.99","-2.47","-0.30","-2.77","92.22"
"2015-05-20T12:34:37 -0700","5899965841","P01-5569515-6850867-R035983","100034086--refund","Refund","P01-5569515-6850867","100034086","SoftwareMedia","USD","","-999.99","26.00","0.30","26.30","-973.69"
"2015-05-20T12:44:24 -0700","5899965841","P01-9104819-7230525-C012023","100034098--capture","Capture","P01-9104819-7230525","100034098","SoftwareMedia","USD","","1,355.87","-35.25","-0.30","-35.55","1,320.32"
"2015-05-20T13:44:33 -0700","5899965841","P01-4273634-3227541-C060270","100034108--capture","Capture","P01-4273634-3227541","100034108","SoftwareMedia","USD","","119.98","-3.12","-0.30","-3.42","116.56"
"2015-05-20T15:22:56 -0700","5899965841","P01-7970275-5737362-C035500","100034114--capture","Capture","P01-7970275-5737362","100034114","SoftwareMedia","USD","","1,072.50","-27.89","-0.30","-28.19","1,044.31"
"2015-05-20T16:42:00 -0700","5899965841","P01-7767069-1957088-C010450","100034130--capture","Capture","P01-7767069-1957088","100034130","SoftwareMedia","USD","","292.97","-7.62","-0.30","-7.92","285.05"
"2015-05-21T08:08:32 -0700","5899965841","P01-1884882-6029134-C064666","100034137--capture","Capture","P01-1884882-6029134","100034137","SoftwareMedia","USD","","176.98","-4.60","-0.30","-4.90","172.08"
"2015-05-21T08:09:50 -0700","5899965841","P01-6944944-7581682-C060998","100034145--capture","Capture","P01-6944944-7581682","100034145","SoftwareMedia","USD","","1,180.65","-30.70","-0.30","-31.00","1,149.65"
"2015-05-21T09:25:44 -0700","5899965841","P01-9039702-4258682-C089557","100034133--capture","Capture","P01-9039702-4258682","100034133","SoftwareMedia","USD","","64.99","-1.69","-0.30","-1.99","63.00"
"2015-05-21T11:43:47 -0700","5899965841","P01-7358630-5916064-C085187","100034166--capture","Capture","P01-7358630-5916064","100034166","SoftwareMedia","USD","","199.99","-5.20","-0.30","-5.50","194.49"
"2015-05-21T11:54:16 -0700","5899965841","P01-7528016-8295666-C015814","100034167--capture","Capture","P01-7528016-8295666","100034167","SoftwareMedia","USD","","719.99","-18.72","-0.30","-19.02","700.97"
"2015-05-21T11:56:04 -0700","5899965841","P01-7520117-5466712-C005747","100034170--capture","Capture","P01-7520117-5466712","100034170","SoftwareMedia","USD","","1,583.88","-41.18","-0.30","-41.48","1,542.40"
"2015-05-21T13:55:52 -0700","5899965841","P01-9393878-5992140-C081281","100034175--capture","Capture","P01-9393878-5992140","100034175","SoftwareMedia","USD","","941.98","-24.49","-0.30","-24.79","917.19"
"2015-05-21T15:19:47 -0700","5899965841","P01-5438153-7548996-C066162","100034187--capture","Capture","P01-5438153-7548996","100034187","SoftwareMedia","USD","","105.99","-2.76","-0.30","-3.06","102.93"
"2015-05-22T11:15:00 -0700","5899965841","","","Reserve","","","","USD","Current Reserve Balance","-100.99","0","0","0","-100.99"
